{
  "now": 1671704491,
  "now_dt": "2022-12-22T10:21:31.588935Z",
  "info": {
    "n": true,
    "geoid": 10393,
    "url": "https://yandex.ru/pogoda/10393?lat=51.50853\u0026lon=-0.12574",
    "lat": 51.50853,
    "lon": -0.12574,
    "tzinfo": {
      "name": "Europe/London",
      "abbr": "GMT",
      "dst": false,
      "offset": 0
    },
    "def_pressure_mm": 757,
    "def_pressure_pa": 1009,
    "slug": "10393",
    "zoom": 10,
    "nr": true,
    "ns": true,
    "nsr": true,
    "p": false,
    "f": true,
    "_h": false
  },
  "geo_object": {
    "district": {
      "id": 10393,
      "name": "Сити-оф-Вестминстер"
    },
    "locality": {
      "id": 10393,
      "name": "Лондон"
    },
    "province": {
      "id": 104520,
      "name": "Англия"
    },
    "country": {
      "id": 102,
      "name": "Великобритания"
    }
  },
  "yesterday": {
    "temp": 8
  },
  "fact": {
    "obs_time": 1671703200,
    "uptime": 1671704491,
    "temp": 8,
    "feels_like": 5,
    "icon": "ovc_-ra",
    "condition": "light-rain",
    "cloudness": 1,
    "prec_type": 1,
    "prec_prob": 90,
    "prec_strength": 0.25,
    "is_thunder": false,
    "wind_speed": 3.9,
    "wind_dir": "s",
    "pressure_mm": 751,
    "pressure_pa": 1001,
    "humidity": 98,
    "daytime": "d",
    "polar": false,
    "season": "winter",
    "source": "station",
    "soil_moisture": 0.39,
    "soil_temp": 5,
    "uv_index": 0,
    "wind_gust": 6.1
  },
  "forecasts": [
    {
      "date": "2022-12-22",
      "date_ts": 1671667200,
      "week": 51,
      "sunrise": "08:04",
      "sunset": "15:53",
      "rise_begin": "07:23",
      "set_end": "16:33",
      "moon_code": 7,
      "moon_text": "moon-code-7",
      "parts": {
        "night_short": {
          "_source": "0,1,2,3,4,5",
          "temp": 6,
          "wind_speed": 2.4,
          "wind_gust": 3.9,
          "wind_dir": "sw",
          "pressure_mm": 751,
          "pressure_pa": 1001,
          "humidity": 97,
          "soil_temp": 4,
          "soil_moisture": 0.39,
          "prec_mm": 0,
          "prec_prob": 0,
          "prec_period": 360,
          "cloudness": 1,
          "prec_type": 0,
          "prec_strength": 0,
          "icon": "ovc",
          "condition": "overcast",
          "uv_index": 0,
          "feels_like": 3,
          "daytime": "n",
          "polar": false,
          "fresh_snow_mm": 0
        },
        "night": {
          "_source": "0,1,2,3,4,5",
          "temp_min": 6,
          "temp_avg": 6,
          "temp_max": 6,
          "wind_speed": 2.4,
          "wind_gust": 3.9,
          "wind_dir": "sw",
          "pressure_mm": 751,
          "pressure_pa": 1001,
          "humidity": 97,
          "soil_temp": 4,
          "soil_moisture": 0.39,
          "prec_mm": 0,
          "prec_prob": 0,
          "prec_period": 360,
          "cloudness": 1,
          "prec_type": 0,
          "prec_strength": 0,
          "icon": "ovc",
          "condition": "overcast",
          "uv_index": 0,
          "feels_like": 3,
          "daytime": "n",
          "polar": false,
          "fresh_snow_mm": 0
        },
        "day": {
          "_source": "12,13,14,15,16,17",
          "temp_min": 10,
          "temp_avg": 11,
          "temp_max": 11,
          "wind_speed": 5.2,
          "wind_gust": 8.6,
          "wind_dir": "sw",
          "pressure_mm": 749,
          "pressure_pa": 998,
          "humidity": 94,
          "soil_temp": 8,
          "soil_moisture": 0.4,
          "prec_mm": 1.2,
          "prec_prob": 90,
          "prec_period": 360,
          "cloudness": 1,
          "prec_type": 1,
          "prec_strength": 0.25,
          "icon": "ovc_-ra",
          "condition": "light-rain",
          "uv_index": 0,
          "feels_like": 7,
          "daytime": "d",
          "polar": false,
          "fresh_snow_mm": 0
        },
        "evening": {
          "_source": "18,19,20,21",
          "temp_min": 9,
          "temp_avg": 9,
          "temp_max": 10,
          "wind_speed": 4.4,
          "wind_gust": 7.1,
          "wind_dir": "w",
          "pressure_mm": 750,
          "pressure_pa": 999,
          "humidity": 93,
          "soil_temp": 8,
          "soil_moisture": 0.4,
          "prec_mm": 0,
          "prec_prob": 0,
          "prec_period": 240,
          "cloudness": 1,
          "prec_type": 0,
          "prec_strength": 0,
          "icon": "ovc",
          "condition": "overcast",
          "uv_index": 0,
          "feels_like": 5,
          "daytime": "n",
          "polar": false,
          "fresh_snow_mm": 0
        },
        "morning": {
          "_source": "6,7,8,9,10,11",
          "temp_min": 7,
          "temp_avg": 8,
          "temp_max": 9,
          "wind_speed": 4.3,
          "wind_gust": 7.2,
          "wind_dir": "s",
          "pressure_mm": 751,
          "pressure_pa": 1001,
          "humidity": 95,
          "soil_temp": 5,
          "soil_moisture": 0.39,
          "prec_mm": 0.4,
          "prec_prob": 90,
          "prec_period": 360,
          "cloudness": 1,
          "prec_type": 1,
          "prec_strength": 0.25,
          "icon": "ovc_-ra",
          "condition": "light-rain",
          "uv_index": 0,
          "feels_like": 4,
          "daytime": "d",
          "polar": false,
          "fresh_snow_mm": 0
        },
        "day_short": {
          "_source": "6,7,8,9,10,11,12,13,14,15,16,17,18,19,20,21",
          "temp": 11,
          "temp_min": 7,
          "wind_speed": 5.2,
          "wind_gust": 8.6,
          "wind_dir": "sw",
          "pressure_mm": 750,
          "pressure_pa": 999,
          "humidity": 94,
          "soil_temp": 7,
          "soil_moisture": 0.4,
          "prec_mm": 1.6,
          "prec_prob": 90,
          "prec_period": 960,
          "cloudness": 1,
          "prec_type": 1,
          "prec_strength": 0.25,
          "icon": "ovc_-ra",
          "condition": "light-rain",
          "uv_index": 0,
          "feels_like": 5,
          "daytime": "d",
          "polar": false,
          "fresh_snow_mm": 0
        }
      },
      "hours": [
        {
          "hour": "0",
          "hour_ts": 1671667200,
          "temp": 6,
          "feels_like": 4,
          "icon": "ovc",
          "condition": "overcast",
          "cloudness": 1,
          "prec_type": 0,
          "prec_strength": 0,
          "is_thunder": false,
          "wind_dir": "w",
          "wind_speed": 1.6,
          "wind_gust": 2.3,
          "pressure_mm": 750,
          "pressure_pa": 999,
          "humidity": 97,
          "uv_index": 0,
          "soil_temp": 4,
          "soil_moisture": 0.4,
          "prec_mm": 0,
          "prec_period": 60,
          "prec_prob": 0
        },
        {
          "hour": "1",
          "hour_ts": 1671670800,
          "temp": 6,
          "feels_like": 5,
          "icon": "ovc",
          "condition": "overcast",
          "cloudness": 1,
          "prec_type": 0,
          "prec_strength": 0,
          "is_thunder": false,
          "wind_dir": "w",
          "wind_speed": 1.3,
          "wind_gust": 2,
          "pressure_mm": 750,
          "pressure_pa": 999,
          "humidity": 97,
          "uv_index": 0,
          "soil_temp": 4,
          "soil_moisture": 0.4,
          "prec_mm": 0,
          "prec_period": 60,
          "prec_prob": 0
        },
        {
          "hour": "2",
          "hour_ts": 1671674400,
          "temp": 6,
          "feels_like": 4,
          "icon": "ovc",
          "condition": "overcast",
          "cloudness": 1,
          "prec_type": 0,
          "prec_strength": 0,
          "is_thunder": false,
          "wind_dir": "sw",
          "wind_speed": 2.2,
          "wind_gust": 3.6,
          "pressure_mm": 750,
          "pressure_pa": 999,
          "humidity": 97,
          "uv_index": 0,
          "soil_temp": 4,
          "soil_moisture": 0.4,
          "prec_mm": 0,
          "prec_period": 60,
          "prec_prob": 0
        },
        {
          "hour": "3",
          "hour_ts": 1671678000,
          "temp": 6,
          "feels_like": 4,
          "icon": "ovc",
          "condition": "overcast",
          "cloudness": 1,
          "prec_type": 0,
          "prec_strength": 0,
          "is_thunder": false,
          "wind_dir": "sw",
          "wind_speed": 2.1,
          "wind_gust": 3.3,
          "pressure_mm": 751,
          "pressure_pa": 1001,
          "humidity": 97,
          "uv_index": 0,
          "soil_temp": 5,
          "soil_moisture": 0.39,
          "prec_mm": 0,
          "prec_period": 60,
          "prec_prob": 0
        },
        {
          "hour": "4",
          "hour_ts": 1671681600,
          "temp": 6,
          "feels_like": 4,
          "icon": "ovc",
          "condition": "overcast",
          "cloudness": 1,
          "prec_type": 0,
          "prec_strength": 0,
          "is_thunder": false,
          "wind_dir": "sw",
          "wind_speed": 2.4,
          "wind_gust": 3.9,
          "pressure_mm": 751,
          "pressure_pa": 1001,
          "humidity": 97,
          "uv_index": 0,
          "soil_temp": 5,
          "soil_moisture": 0.39,
          "prec_mm": 0,
          "prec_period": 60,
          "prec_prob": 0
        },
        {
          "hour": "5",
          "hour_ts": 1671685200,
          "temp": 6,
          "feels_like": 4,
          "icon": "ovc",
          "condition": "overcast",
          "cloudness": 1,
          "prec_type": 0,
          "prec_strength": 0,
          "is_thunder": false,
          "wind_dir": "sw",
          "wind_speed": 2.3,
          "wind_gust": 3.7,
          "pressure_mm": 751,
          "pressure_pa": 1001,
          "humidity": 97,
          "uv_index": 0,
          "soil_temp": 5,
          "soil_moisture": 0.39,
          "prec_mm": 0,
          "prec_period": 60,
          "prec_prob": 0
        },
        {
          "hour": "6",
          "hour_ts": 1671688800,
          "temp": 7,
          "feels_like": 4,
          "icon": "ovc",
          "condition": "overcast",
          "cloudness": 1,
          "prec_type": 0,
          "prec_strength": 0,
          "is_thunder": false,
          "wind_dir": "sw",
          "wind_speed": 2.4,
          "wind_gust": 3.9,
          "pressure_mm": 751,
          "pressure_pa": 1001,
          "humidity": 97,
          "uv_index": 0,
          "soil_temp": 5,
          "soil_moisture": 0.39,
          "prec_mm": 0,
          "prec_period": 60,
          "prec_prob": 0
        },
        {
          "hour": "7",
          "hour_ts": 1671692400,
          "temp": 7,
          "feels_like": 5,
          "icon": "ovc",
          "condition": "overcast",
          "cloudness": 1,
          "prec_type": 0,
          "prec_strength": 0,
          "is_thunder": false,
          "wind_dir": "sw",
          "wind_speed": 1.8,
          "wind_gust": 3,
          "pressure_mm": 751,
          "pressure_pa": 1001,
          "humidity": 96,
          "uv_index": 0,
          "soil_temp": 5,
          "soil_moisture": 0.4,
          "prec_mm": 0,
          "prec_period": 60,
          "prec_prob": 0
        },
        {
          "hour": "8",
          "hour_ts": 1671696000,
          "temp": 7,
          "feels_like": 5,
          "icon": "ovc",
          "condition": "overcast",
          "cloudness": 1,
          "prec_type": 0,
          "prec_strength": 0,
          "is_thunder": false,
          "wind_dir": "s",
          "wind_speed": 2.2,
          "wind_gust": 3.6,
          "pressure_mm": 751,
          "pressure_pa": 1001,
          "humidity": 97,
          "uv_index": 0,
          "soil_temp": 5,
          "soil_moisture": 0.4,
          "prec_mm": 0,
          "prec_period": 60,
          "prec_prob": 0
        },
        {
          "hour": "9",
          "hour_ts": 1671699600,
          "temp": 7,
          "feels_like": 5,
          "icon": "ovc_-ra",
          "condition": "light-rain",
          "cloudness": 1,
          "prec_type": 1,
          "prec_strength": 0.25,
          "is_thunder": false,
          "wind_dir": "s",
          "wind_speed": 2.4,
          "wind_gust": 3.9,
          "pressure_mm": 751,
          "pressure_pa": 1001,
          "humidity": 94,
          "uv_index": 0,
          "soil_temp": 5,
          "soil_moisture": 0.39,
          "prec_mm": 0.08,
          "prec_period": 60,
          "prec_prob": 90
        },
        {
          "hour": "10",
          "hour_ts": 1671703200,
          "temp": 8,
          "feels_like": 5,
          "icon": "ovc_-ra",
          "condition": "light-rain",
          "cloudness": 1,
          "prec_type": 1,
          "prec_strength": 0.25,
          "is_thunder": false,
          "wind_dir": "s",
          "wind_speed": 3.8,
          "wind_gust": 6.1,
          "pressure_mm": 751,
          "pressure_pa": 1001,
          "humidity": 94,
          "uv_index": 0,
          "soil_temp": 5,
          "soil_moisture": 0.39,
          "prec_mm": 0.08,
          "prec_period": 60,
          "prec_prob": 90
        },
        {
          "hour": "11",
          "hour_ts": 1671706800,
          "temp": 9,
          "feels_like": 6,
          "icon": "ovc_-ra",
          "condition": "light-rain",
          "cloudness": 1,
          "prec_type": 1,
          "prec_strength": 0.25,
          "is_thunder": false,
          "wind_dir": "sw",
          "wind_speed": 4.3,
          "wind_gust": 7.2,
          "pressure_mm": 751,
          "pressure_pa": 1001,
          "humidity": 94,
          "uv_index": 0,
          "soil_temp": 5,
          "soil_moisture": 0.39,
          "prec_mm": 0.3,
          "prec_period": 60,
          "prec_prob": 90
        },
        {
          "hour": "12",
          "hour_ts": 1671710400,
          "temp": 10,
          "feels_like": 7,
          "icon": "ovc_-ra",
          "condition": "light-rain",
          "cloudness": 1,
          "prec_type": 1,
          "prec_strength": 0.25,
          "is_thunder": false,
          "wind_dir": "sw",
          "wind_speed": 5,
          "wind_gust": 8.4,
          "pressure_mm": 749,
          "pressure_pa": 998,
          "humidity": 94,
          "uv_index": 0,
          "soil_temp": 7,
          "soil_moisture": 0.4,
          "prec_mm": 0.1,
          "prec_period": 60,
          "prec_prob": 90
        },
        {
          "hour": "13",
          "hour_ts": 1671714000,
          "temp": 11,
          "feels_like": 7,
          "icon": "ovc",
          "condition": "overcast",
          "cloudness": 1,
          "prec_type": 0,
          "prec_strength": 0,
          "is_thunder": false,
          "wind_dir": "sw",
          "wind_speed": 5.2,
          "wind_gust": 8.6,
          "pressure_mm": 749,
          "pressure_pa": 998,
          "humidity": 95,
          "uv_index": 0,
          "soil_temp": 7,
          "soil_moisture": 0.4,
          "prec_mm": 0,
          "prec_period": 60,
          "prec_prob": 0
        },
        {
          "hour": "14",
          "hour_ts": 1671717600,
          "temp": 11,
          "feels_like": 8,
          "icon": "ovc_-ra",
          "condition": "light-rain",
          "cloudness": 1,
          "prec_type": 1,
          "prec_strength": 0.25,
          "is_thunder": false,
          "wind_dir": "sw",
          "wind_speed": 4.1,
          "wind_gust": 6.9,
          "pressure_mm": 750,
          "pressure_pa": 999,
          "humidity": 95,
          "uv_index": 0,
          "soil_temp": 8,
          "soil_moisture": 0.4,
          "prec_mm": 0.5,
          "prec_period": 60,
          "prec_prob": 20
        },
        {
          "hour": "15",
          "hour_ts": 1671721200,
          "temp": 11,
          "feels_like": 7,
          "icon": "ovc_-ra",
          "condition": "light-rain",
          "cloudness": 1,
          "prec_type": 1,
          "prec_strength": 0.25,
          "is_thunder": false,
          "wind_dir": "sw",
          "wind_speed": 4.9,
          "wind_gust": 8.2,
          "pressure_mm": 749,
          "pressure_pa": 998,
          "humidity": 93,
          "uv_index": 0,
          "soil_temp": 9,
          "soil_moisture": 0.4,
          "prec_mm": 0.4,
          "prec_period": 60,
          "prec_prob": 30
        },
        {
          "hour": "16",
          "hour_ts": 1671724800,
          "temp": 10,
          "feels_like": 7,
          "icon": "ovc_-ra",
          "condition": "light-rain",
          "cloudness": 1,
          "prec_type": 1,
          "prec_strength": 0.25,
          "is_thunder": false,
          "wind_dir": "sw",
          "wind_speed": 4.5,
          "wind_gust": 7.4,
          "pressure_mm": 749,
          "pressure_pa": 998,
          "humidity": 94,
          "uv_index": 0,
          "soil_temp": 9,
          "soil_moisture": 0.4,
          "prec_mm": 0.1,
          "prec_period": 60,
          "prec_prob": 30
        },
        {
          "hour": "17",
          "hour_ts": 1671728400,
          "temp": 10,
          "feels_like": 7,
          "icon": "ovc_-ra",
          "condition": "light-rain",
          "cloudness": 1,
          "prec_type": 1,
          "prec_strength": 0.25,
          "is_thunder": false,
          "wind_dir": "sw",
          "wind_speed": 3.8,
          "wind_gust": 6.2,
          "pressure_mm": 749,
          "pressure_pa": 998,
          "humidity": 94,
          "uv_index": 0,
          "soil_temp": 9,
          "soil_moisture": 0.4,
          "prec_mm": 0.1,
          "prec_period": 60,
          "prec_prob": 20
        },
        {
          "hour": "18",
          "hour_ts": 1671732000,
          "temp": 10,
          "feels_like": 7,
          "icon": "ovc",
          "condition": "overcast",
          "cloudness": 1,
          "prec_type": 0,
          "prec_strength": 0,
          "is_thunder": false,
          "wind_dir": "sw",
          "wind_speed": 4.2,
          "wind_gust": 6.9,
          "pressure_mm": 749,
          "pressure_pa": 998,
          "humidity": 92,
          "uv_index": 0,
          "soil_temp": 8,
          "soil_moisture": 0.4,
          "prec_mm": 0,
          "prec_period": 60,
          "prec_prob": 0
        },
        {
          "hour": "19",
          "hour_ts": 1671735600,
          "temp": 9,
          "feels_like": 6,
          "icon": "ovc",
          "condition": "overcast",
          "cloudness": 1,
          "prec_type": 0,
          "prec_strength": 0,
          "is_thunder": false,
          "wind_dir": "sw",
          "wind_speed": 4.2,
          "wind_gust": 6.9,
          "pressure_mm": 749,
          "pressure_pa": 998,
          "humidity": 93,
          "uv_index": 0,
          "soil_temp": 8,
          "soil_moisture": 0.4,
          "prec_mm": 0,
          "prec_period": 60,
          "prec_prob": 0
        },
        {
          "hour": "20",
          "hour_ts": 1671739200,
          "temp": 9,
          "feels_like": 6,
          "icon": "ovc",
          "condition": "overcast",
          "cloudness": 1,
          "prec_type": 0,
          "prec_strength": 0,
          "is_thunder": false,
          "wind_dir": "w",
          "wind_speed": 4.4,
          "wind_gust": 7.1,
          "pressure_mm": 750,
          "pressure_pa": 999,
          "humidity": 93,
          "uv_index": 0,
          "soil_temp": 8,
          "soil_moisture": 0.4,
          "prec_mm": 0,
          "prec_period": 60,
          "prec_prob": 0
        },
        {
          "hour": "21",
          "hour_ts": 1671742800,
          "temp": 9,
          "feels_like": 6,
          "icon": "ovc",
          "condition": "overcast",
          "cloudness": 1,
          "prec_type": 0,
          "prec_strength": 0,
          "is_thunder": false,
          "wind_dir": "w",
          "wind_speed": 4.1,
          "wind_gust": 6.6,
          "pressure_mm": 750,
          "pressure_pa": 999,
          "humidity": 94,
          "uv_index": 0,
          "soil_temp": 8,
          "soil_moisture": 0.4,
          "prec_mm": 0,
          "prec_period": 60,
          "prec_prob": 0
        },
        {
          "hour": "22",
          "hour_ts": 1671746400,
          "temp": 9,
          "feels_like": 6,
          "icon": "ovc",
          "condition": "overcast",
          "cloudness": 1,
          "prec_type": 0,
          "prec_strength": 0,
          "is_thunder": false,
          "wind_dir": "w",
          "wind_speed": 3.7,
          "wind_gust": 6,
          "pressure_mm": 750,
          "pressure_pa": 999,
          "humidity": 94,
          "uv_index": 0,
          "soil_temp": 8,
          "soil_moisture": 0.4,
          "prec_mm": 0,
          "prec_period": 60,
          "prec_prob": 0
        },
        {
          "hour": "23",
          "hour_ts": 1671750000,
          "temp": 9,
          "feels_like": 6,
          "icon": "ovc",
          "condition": "overcast",
          "cloudness": 1,
          "prec_type": 0,
          "prec_strength": 0,
          "is_thunder": false,
          "wind_dir": "w",
          "wind_speed": 3.3,
          "wind_gust": 5.4,
          "pressure_mm": 750,
          "pressure_pa": 999,
          "humidity": 95,
          "uv_index": 0,
          "soil_temp": 8,
          "soil_moisture": 0.4,
          "prec_mm": 0,
          "prec_period": 60,
          "prec_prob": 0
        }
      ],
      "biomet": {
        "index": 0,
        "condition": "magnetic-field_0"
      }
    },
    {
      "date": "2022-12-23",
      "date_ts": 1671753600,
      "week": 51,
      "sunrise": "08:04",
      "sunset": "15:54",
      "rise_begin": "07:24",
      "set_end": "16:34",
      "moon_code": 8,
      "moon_text": "moon-code-8",
      "parts": {
        "day_short": {
          "_source": "6,7,8,9,10,11,12,13,14,15,16,17,18,19,20,21",
          "temp": 12,
          "temp_min": 8,
          "wind_speed": 7.6,
          "wind_gust": 12.6,
          "wind_dir": "sw",
          "pressure_mm": 749,
          "pressure_pa": 998,
          "humidity": 88,
          "soil_temp": 9,
          "soil_moisture": 0.42,
          "prec_mm": 3.8,
          "prec_prob": 50,
          "prec_period": 960,
          "cloudness": 1,
          "prec_type": 1,
          "prec_strength": 0.25,
          "icon": "ovc_-ra",
          "condition": "light-rain",
          "uv_index": 0,
          "feels_like": 4,
          "daytime": "d",
          "polar": false,
          "fresh_snow_mm": 0
        },
        "night_short": {
          "_source": "22,23,0,1,2,3,4,5",
          "temp": 8,
          "wind_speed": 3.7,
          "wind_gust": 6,
          "wind_dir": "w",
          "pressure_mm": 751,
          "pressure_pa": 1001,
          "humidity": 95,
          "soil_temp": 8,
          "soil_moisture": 0.4,
          "prec_mm": 0.1,
          "prec_prob": 20,
          "prec_period": 480,
          "cloudness": 1,
          "prec_type": 1,
          "prec_strength": 0.25,
          "icon": "ovc_-ra",
          "condition": "light-rain",
          "uv_index": 0,
          "feels_like": 6,
          "daytime": "n",
          "polar": false,
          "fresh_snow_mm": 0
        },
        "night": {
          "_source": "22,23,0,1,2,3,4,5",
          "temp_min": 8,
          "temp_avg": 9,
          "temp_max": 9,
          "wind_speed": 3.7,
          "wind_gust": 6,
          "wind_dir": "w",
          "pressure_mm": 751,
          "pressure_pa": 1001,
          "humidity": 95,
          "soil_temp": 8,
          "soil_moisture": 0.4,
          "prec_mm": 0.1,
          "prec_prob": 20,
          "prec_period": 480,
          "cloudness": 1,
          "prec_type": 1,
          "prec_strength": 0.25,
          "icon": "ovc_-ra",
          "condition": "light-rain",
          "uv_index": 0,
          "feels_like": 6,
          "daytime": "n",
          "polar": false,
          "fresh_snow_mm": 0
        },
        "morning": {
          "_source": "6,7,8,9,10,11",
          "temp_min": 8,
          "temp_avg": 8,
          "temp_max": 9,
          "wind_speed": 4.2,
          "wind_gust": 7.5,
          "wind_dir": "se",
          "pressure_mm": 749,
          "pressure_pa": 998,
          "humidity": 96,
          "soil_temp": 7,
          "soil_moisture": 0.42,
          "prec_mm": 3.2,
          "prec_prob": 50,
          "prec_period": 360,
          "cloudness": 1,
          "prec_type": 1,
          "prec_strength": 0.25,
          "icon": "ovc_-ra",
          "condition": "light-rain",
          "uv_index": 0,
          "feels_like": 4,
          "daytime": "d",
          "polar": false,
          "fresh_snow_mm": 0
        },
        "day": {
          "_source": "12,13,14,15,16,17",
          "temp_min": 11,
          "temp_avg": 12,
          "temp_max": 12,
          "wind_speed": 7.6,
          "wind_gust": 12.6,
          "wind_dir": "sw",
          "pressure_mm": 747,
          "pressure_pa": 995,
          "humidity": 84,
          "soil_temp": 9,
          "soil_moisture": 0.42,
          "prec_mm": 0.6,
          "prec_prob": 30,
          "prec_period": 360,
          "cloudness": 1,
          "prec_type": 1,
          "prec_strength": 0.25,
          "icon": "ovc_-ra",
          "condition": "light-rain",
          "uv_index": 0,
          "feels_like": 7,
          "daytime": "d",
          "polar": false,
          "fresh_snow_mm": 0
        },
        "evening": {
          "_source": "18,19,20,21",
          "temp_min": 9,
          "temp_avg": 10,
          "temp_max": 10,
          "wind_speed": 7.4,
          "wind_gust": 12.3,
          "wind_dir": "sw",
          "pressure_mm": 750,
          "pressure_pa": 999,
          "humidity": 83,
          "soil_temp": 9,
          "soil_moisture": 0.41,
          "prec_mm": 0,
          "prec_prob": 0,
          "prec_period": 240,
          "cloudness": 1,
          "prec_type": 0,
          "prec_strength": 0,
          "icon": "ovc",
          "condition": "overcast",
          "uv_index": 0,
          "feels_like": 4,
          "daytime": "n",
          "polar": false,
          "fresh_snow_mm": 0
        }
      },
      "hours": [
        {
          "hour": "0",
          "hour_ts": 1671753600,
          "temp": 9,
          "feels_like": 7,
          "icon": "ovc_-ra",
          "condition": "light-rain",
          "cloudness": 1,
          "prec_type": 1,
          "prec_strength": 0.25,
          "is_thunder": false,
          "wind_dir": "w",
          "wind_speed": 2.6,
          "wind_gust": 4.3,
          "pressure_mm": 751,
          "pressure_pa": 1001,
          "humidity": 93,
          "uv_index": 0,
          "soil_temp": 8,
          "soil_moisture": 0.4,
          "prec_mm": 0.1,
          "prec_period": 60,
          "prec_prob": 20
        },
        {
          "hour": "1",
          "hour_ts": 1671757200,
          "temp": 9,
          "feels_like": 6,
          "icon": "ovc",
          "condition": "overcast",
          "cloudness": 1,
          "prec_type": 0,
          "prec_strength": 0,
          "is_thunder": false,
          "wind_dir": "w",
          "wind_speed": 2.7,
          "wind_gust": 4.3,
          "pressure_mm": 751,
          "pressure_pa": 1001,
          "humidity": 93,
          "uv_index": 0,
          "soil_temp": 8,
          "soil_moisture": 0.4,
          "prec_mm": 0,
          "prec_period": 60,
          "prec_prob": 0
        },
        {
          "hour": "2",
          "hour_ts": 1671760800,
          "temp": 8,
          "feels_like": 7,
          "icon": "ovc",
          "condition": "overcast",
          "cloudness": 1,
          "prec_type": 0,
          "prec_strength": 0,
          "is_thunder": false,
          "wind_dir": "nw",
          "wind_speed": 1.4,
          "wind_gust": 2.2,
          "pressure_mm": 751,
          "pressure_pa": 1001,
          "humidity": 95,
          "uv_index": 0,
          "soil_temp": 8,
          "soil_moisture": 0.4,
          "prec_mm": 0,
          "prec_period": 60,
          "prec_prob": 0
        },
        {
          "hour": "3",
          "hour_ts": 1671764400,
          "temp": 8,
          "feels_like": 7,
          "icon": "ovc",
          "condition": "overcast",
          "cloudness": 1,
          "prec_type": 0,
          "prec_strength": 0,
          "is_thunder": false,
          "wind_dir": "nw",
          "wind_speed": 1,
          "wind_gust": 1.3,
          "pressure_mm": 753,
          "pressure_pa": 1003,
          "humidity": 95,
          "uv_index": 0,
          "soil_temp": 8,
          "soil_moisture": 0.4,
          "prec_mm": 0,
          "prec_period": 60,
          "prec_prob": 0
        },
        {
          "hour": "4",
          "hour_ts": 1671768000,
          "temp": 8,
          "feels_like": 7,
          "icon": "ovc",
          "condition": "overcast",
          "cloudness": 1,
          "prec_type": 0,
          "prec_strength": 0,
          "is_thunder": false,
          "wind_dir": "se",
          "wind_speed": 0.6,
          "wind_gust": 0.8,
          "pressure_mm": 752,
          "pressure_pa": 1002,
          "humidity": 96,
          "uv_index": 0,
          "soil_temp": 8,
          "soil_moisture": 0.4,
          "prec_mm": 0,
          "prec_period": 60,
          "prec_prob": 0
        },
        {
          "hour": "5",
          "hour_ts": 1671771600,
          "temp": 8,
          "feels_like": 7,
          "icon": "ovc",
          "condition": "overcast",
          "cloudness": 1,
          "prec_type": 0,
          "prec_strength": 0,
          "is_thunder": false,
          "wind_dir": "se",
          "wind_speed": 1.2,
          "wind_gust": 1.7,
          "pressure_mm": 752,
          "pressure_pa": 1002,
          "humidity": 96,
          "uv_index": 0,
          "soil_temp": 8,
          "soil_moisture": 0.4,
          "prec_mm": 0,
          "prec_period": 60,
          "prec_prob": 0
        },
        {
          "hour": "6",
          "hour_ts": 1671775200,
          "temp": 8,
          "feels_like": 6,
          "icon": "ovc_-ra",
          "condition": "light-rain",
          "cloudness": 1,
          "prec_type": 1,
          "prec_strength": 0.25,
          "is_thunder": false,
          "wind_dir": "se",
          "wind_speed": 1.8,
          "wind_gust": 3,
          "pressure_mm": 750,
          "pressure_pa": 999,
          "humidity": 97,
          "uv_index": 0,
          "soil_temp": 8,
          "soil_moisture": 0.4,
          "prec_mm": 0.5,
          "prec_period": 60,
          "prec_prob": 40
        },
        {
          "hour": "7",
          "hour_ts": 1671778800,
          "temp": 8,
          "feels_like": 6,
          "icon": "ovc_-ra",
          "condition": "light-rain",
          "cloudness": 1,
          "prec_type": 1,
          "prec_strength": 0.25,
          "is_thunder": false,
          "wind_dir": "se",
          "wind_speed": 2.2,
          "wind_gust": 3.5,
          "pressure_mm": 750,
          "pressure_pa": 999,
          "humidity": 97,
          "uv_index": 0,
          "soil_temp": 8,
          "soil_moisture": 0.4,
          "prec_mm": 0.5,
          "prec_period": 60,
          "prec_prob": 50
        },
        {
          "hour": "8",
          "hour_ts": 1671782400,
          "temp": 8,
          "feels_like": 5,
          "icon": "ovc_-ra",
          "condition": "light-rain",
          "cloudness": 1,
          "prec_type": 1,
          "prec_strength": 0.25,
          "is_thunder": false,
          "wind_dir": "se",
          "wind_speed": 3,
          "wind_gust": 5.9,
          "pressure_mm": 749,
          "pressure_pa": 998,
          "humidity": 98,
          "uv_index": 0,
          "soil_temp": 8,
          "soil_moisture": 0.4,
          "prec_mm": 1,
          "prec_period": 60,
          "prec_prob": 50
        },
        {
          "hour": "9",
          "hour_ts": 1671786000,
          "temp": 8,
          "feels_like": 5,
          "icon": "ovc_-ra",
          "condition": "light-rain",
          "cloudness": 1,
          "prec_type": 1,
          "prec_strength": 0.25,
          "is_thunder": false,
          "wind_dir": "e",
          "wind_speed": 3.6,
          "wind_gust": 6,
          "pressure_mm": 748,
          "pressure_pa": 997,
          "humidity": 96,
          "uv_index": 0,
          "soil_temp": 7,
          "soil_moisture": 0.43,
          "prec_mm": 1,
          "prec_period": 60,
          "prec_prob": 50
        },
        {
          "hour": "10",
          "hour_ts": 1671789600,
          "temp": 9,
          "feels_like": 6,
          "icon": "ovc_-ra",
          "condition": "light-rain",
          "cloudness": 1,
          "prec_type": 1,
          "prec_strength": 0.25,
          "is_thunder": false,
          "wind_dir": "se",
          "wind_speed": 3.7,
          "wind_gust": 7.5,
          "pressure_mm": 748,
          "pressure_pa": 997,
          "humidity": 96,
          "uv_index": 0,
          "soil_temp": 7,
          "soil_moisture": 0.43,
          "prec_mm": 0.1,
          "prec_period": 60,
          "prec_prob": 40
        },
        {
          "hour": "11",
          "hour_ts": 1671793200,
          "temp": 9,
          "feels_like": 6,
          "icon": "ovc_-ra",
          "condition": "light-rain",
          "cloudness": 1,
          "prec_type": 1,
          "prec_strength": 0.25,
          "is_thunder": false,
          "wind_dir": "s",
          "wind_speed": 4.2,
          "wind_gust": 7,
          "pressure_mm": 748,
          "pressure_pa": 997,
          "humidity": 94,
          "uv_index": 0,
          "soil_temp": 7,
          "soil_moisture": 0.43,
          "prec_mm": 0.1,
          "prec_period": 60,
          "prec_prob": 20
        },
        {
          "hour": "12",
          "hour_ts": 1671796800,
          "temp": 12,
          "feels_like": 7,
          "icon": "ovc_-ra",
          "condition": "light-rain",
          "cloudness": 1,
          "prec_type": 1,
          "prec_strength": 0.25,
          "is_thunder": false,
          "wind_dir": "sw",
          "wind_speed": 6.3,
          "wind_gust": 10.4,
          "pressure_mm": 747,
          "pressure_pa": 995,
          "humidity": 87,
          "uv_index": 0,
          "soil_temp": 9,
          "soil_moisture": 0.42,
          "prec_mm": 0.3,
          "prec_period": 60,
          "prec_prob": 30
        },
        {
          "hour": "13",
          "hour_ts": 1671800400,
          "temp": 12,
          "feels_like": 7,
          "icon": "ovc_-ra",
          "condition": "light-rain",
          "cloudness": 1,
          "prec_type": 1,
          "prec_strength": 0.25,
          "is_thunder": false,
          "wind_dir": "sw",
          "wind_speed": 7.3,
          "wind_gust": 12.1,
          "pressure_mm": 747,
          "pressure_pa": 995,
          "humidity": 86,
          "uv_index": 0,
          "soil_temp": 9,
          "soil_moisture": 0.42,
          "prec_mm": 0.1,
          "prec_period": 60,
          "prec_prob": 20
        },
        {
          "hour": "14",
          "hour_ts": 1671804000,
          "temp": 12,
          "feels_like": 6,
          "icon": "ovc_-ra",
          "condition": "light-rain",
          "cloudness": 1,
          "prec_type": 1,
          "prec_strength": 0.25,
          "is_thunder": false,
          "wind_dir": "sw",
          "wind_speed": 7.3,
          "wind_gust": 12.1,
          "pressure_mm": 747,
          "pressure_pa": 995,
          "humidity": 84,
          "uv_index": 0,
          "soil_temp": 9,
          "soil_moisture": 0.42,
          "prec_mm": 0.1,
          "prec_period": 60,
          "prec_prob": 20
        },
        {
          "hour": "15",
          "hour_ts": 1671807600,
          "temp": 11,
          "feels_like": 6,
          "icon": "ovc_-ra",
          "condition": "light-rain",
          "cloudness": 1,
          "prec_type": 1,
          "prec_strength": 0.25,
          "is_thunder": false,
          "wind_dir": "sw",
          "wind_speed": 7.6,
          "wind_gust": 12.6,
          "pressure_mm": 747,
          "pressure_pa": 995,
          "humidity": 84,
          "uv_index": 0,
          "soil_temp": 10,
          "soil_moisture": 0.42,
          "prec_mm": 0.1,
          "prec_period": 60,
          "prec_prob": 20
        },
        {
          "hour": "16",
          "hour_ts": 1671811200,
          "temp": 11,
          "feels_like": 5,
          "icon": "ovc",
          "condition": "overcast",
          "cloudness": 1,
          "prec_type": 0,
          "prec_strength": 0,
          "is_thunder": false,
          "wind_dir": "sw",
          "wind_speed": 7.4,
          "wind_gust": 12.3,
          "pressure_mm": 748,
          "pressure_pa": 997,
          "humidity": 83,
          "uv_index": 0,
          "soil_temp": 10,
          "soil_moisture": 0.42,
          "prec_mm": 0,
          "prec_period": 60,
          "prec_prob": 0
        },
        {
          "hour": "17",
          "hour_ts": 1671814800,
          "temp": 11,
          "feels_like": 5,
          "icon": "ovc",
          "condition": "overcast",
          "cloudness": 1,
          "prec_type": 0,
          "prec_strength": 0,
          "is_thunder": false,
          "wind_dir": "sw",
          "wind_speed": 7.2,
          "wind_gust": 12.1,
          "pressure_mm": 748,
          "pressure_pa": 997,
          "humidity": 82,
          "uv_index": 0,
          "soil_temp": 10,
          "soil_moisture": 0.42,
          "prec_mm": 0,
          "prec_period": 60,
          "prec_prob": 0
        },
        {
          "hour": "18",
          "hour_ts": 1671818400,
          "temp": 10,
          "feels_like": 5,
          "icon": "ovc",
          "condition": "overcast",
          "cloudness": 1,
          "prec_type": 0,
          "prec_strength": 0,
          "is_thunder": false,
          "wind_dir": "sw",
          "wind_speed": 7.4,
          "wind_gust": 12.3,
          "pressure_mm": 749,
          "pressure_pa": 998,
          "humidity": 82,
          "uv_index": 0,
          "soil_temp": 9,
          "soil_moisture": 0.41,
          "prec_mm": 0,
          "prec_period": 60,
          "prec_prob": 0
        },
        {
          "hour": "19",
          "hour_ts": 1671822000,
          "temp": 10,
          "feels_like": 5,
          "icon": "ovc",
          "condition": "overcast",
          "cloudness": 1,
          "prec_type": 0,
          "prec_strength": 0,
          "is_thunder": false,
          "wind_dir": "sw",
          "wind_speed": 7.1,
          "wind_gust": 11.9,
          "pressure_mm": 750,
          "pressure_pa": 999,
          "humidity": 82,
          "uv_index": 0,
          "soil_temp": 9,
          "soil_moisture": 0.41,
          "prec_mm": 0,
          "prec_period": 60,
          "prec_prob": 0
        },
        {
          "hour": "20",
          "hour_ts": 1671825600,
          "temp": 10,
          "feels_like": 5,
          "icon": "ovc",
          "condition": "overcast",
          "cloudness": 1,
          "prec_type": 0,
          "prec_strength": 0,
          "is_thunder": false,
          "wind_dir": "sw",
          "wind_speed": 6.5,
          "wind_gust": 10.9,
          "pressure_mm": 750,
          "pressure_pa": 999,
          "humidity": 83,
          "uv_index": 0,
          "soil_temp": 9,
          "soil_moisture": 0.41,
          "prec_mm": 0,
          "prec_period": 60,
          "prec_prob": 0
        },
        {
          "hour": "21",
          "hour_ts": 1671829200,
          "temp": 9,
          "feels_like": 4,
          "icon": "ovc",
          "condition": "overcast",
          "cloudness": 1,
          "prec_type": 0,
          "prec_strength": 0,
          "is_thunder": false,
          "wind_dir": "sw",
          "wind_speed": 6.1,
          "wind_gust": 10.1,
          "pressure_mm": 750,
          "pressure_pa": 999,
          "humidity": 83,
          "uv_index": 0,
          "soil_temp": 8,
          "soil_moisture": 0.41,
          "prec_mm": 0,
          "prec_period": 60,
          "prec_prob": 0
        },
        {
          "hour": "22",
          "hour_ts": 1671832800,
          "temp": 9,
          "feels_like": 4,
          "icon": "ovc",
          "condition": "overcast",
          "cloudness": 1,
          "prec_type": 0,
          "prec_strength": 0,
          "is_thunder": false,
          "wind_dir": "sw",
          "wind_speed": 5.8,
          "wind_gust": 9.7,
          "pressure_mm": 749,
          "pressure_pa": 998,
          "humidity": 83,
          "uv_index": 0,
          "soil_temp": 8,
          "soil_moisture": 0.41,
          "prec_mm": 0,
          "prec_period": 60,
          "prec_prob": 0
        },
        {
          "hour": "23",
          "hour_ts": 1671836400,
          "temp": 9,
          "feels_like": 4,
          "icon": "ovc",
          "condition": "overcast",
          "cloudness": 1,
          "prec_type": 0,
          "prec_strength": 0,
          "is_thunder": false,
          "wind_dir": "sw",
          "wind_speed": 5.9,
          "wind_gust": 9.9,
          "pressure_mm": 750,
          "pressure_pa": 999,
          "humidity": 86,
          "uv_index": 0,
          "soil_temp": 8,
          "soil_moisture": 0.41,
          "prec_mm": 0,
          "prec_period": 60,
          "prec_prob": 0
        }
      ],
      "biomet": {
        "index": 0,
        "condition": "magnetic-field_0"
      }
    },
    {
      "date": "2022-12-24",
      "date_ts": 1671840000,
      "week": 51,
      "sunrise": "08:04",
      "sunset": "15:54",
      "rise_begin": "07:24",
      "set_end": "16:34",
      "moon_code": 8,
      "moon_text": "moon-code-8",
      "parts": {
        "night_short": {
          "_source": "22,23,0,1,2,3,4,5",
          "temp": 7,
          "wind_speed": 6,
          "wind_gust": 10,
          "wind_dir": "sw",
          "pressure_mm": 751,
          "pressure_pa": 1001,
          "humidity": 86,
          "soil_temp": 7,
          "soil_moisture": 0.41,
          "prec_mm": 0,
          "prec_prob": 0,
          "prec_period": 480,
          "cloudness": 1,
          "prec_type": 0,
          "prec_strength": 0,
          "icon": "ovc",
          "condition": "overcast",
          "uv_index": 0,
          "feels_like": 4,
          "daytime": "n",
          "polar": false,
          "fresh_snow_mm": 0
        },
        "day": {
          "_source": "12,13,14,15,16,17",
          "temp_min": 9,
          "temp_avg": 10,
          "temp_max": 10,
          "wind_speed": 3.6,
          "wind_gust": 5.9,
          "wind_dir": "s",
          "pressure_mm": 756,
          "pressure_pa": 1007,
          "humidity": 90,
          "soil_temp": 8,
          "soil_moisture": 0.4,
          "prec_mm": 0,
          "prec_prob": 0,
          "prec_period": 360,
          "cloudness": 1,
          "prec_type": 0,
          "prec_strength": 0,
          "icon": "ovc",
          "condition": "overcast",
          "uv_index": 0,
          "feels_like": 7,
          "daytime": "d",
          "polar": false,
          "fresh_snow_mm": 0
        },
        "evening": {
          "_source": "18,19,20,21",
          "temp_min": 9,
          "temp_avg": 9,
          "temp_max": 9,
          "wind_speed": 3.5,
          "wind_gust": 5.7,
          "wind_dir": "s",
          "pressure_mm": 756,
          "pressure_pa": 1007,
          "humidity": 93,
          "soil_temp": 7,
          "soil_moisture": 0.4,
          "prec_mm": 0,
          "prec_prob": 0,
          "prec_period": 240,
          "cloudness": 1,
          "prec_type": 0,
          "prec_strength": 0,
          "icon": "ovc",
          "condition": "overcast",
          "uv_index": 0,
          "feels_like": 6,
          "daytime": "n",
          "polar": false,
          "fresh_snow_mm": 0
        },
        "morning": {
          "_source": "6,7,8,9,10,11",
          "temp_min": 7,
          "temp_avg": 8,
          "temp_max": 9,
          "wind_speed": 4.5,
          "wind_gust": 7.4,
          "wind_dir": "sw",
          "pressure_mm": 754,
          "pressure_pa": 1005,
          "humidity": 90,
          "soil_temp": 6,
          "soil_moisture": 0.4,
          "prec_mm": 0,
          "prec_prob": 0,
          "prec_period": 360,
          "cloudness": 0.75,
          "prec_type": 0,
          "prec_strength": 0,
          "icon": "bkn_d",
          "condition": "cloudy",
          "uv_index": 0,
          "feels_like": 4,
          "daytime": "d",
          "polar": false,
          "fresh_snow_mm": 0
        },
        "night": {
          "_source": "22,23,0,1,2,3,4,5",
          "temp_min": 7,
          "temp_avg": 9,
          "temp_max": 9,
          "wind_speed": 6,
          "wind_gust": 10,
          "wind_dir": "sw",
          "pressure_mm": 751,
          "pressure_pa": 1001,
          "humidity": 86,
          "soil_temp": 7,
          "soil_moisture": 0.41,
          "prec_mm": 0,
          "prec_prob": 0,
          "prec_period": 480,
          "cloudness": 1,
          "prec_type": 0,
          "prec_strength": 0,
          "icon": "ovc",
          "condition": "overcast",
          "uv_index": 0,
          "feels_like": 4,
          "daytime": "n",
          "polar": false,
          "fresh_snow_mm": 0
        },
        "day_short": {
          "_source": "6,7,8,9,10,11,12,13,14,15,16,17,18,19,20,21",
          "temp": 10,
          "temp_min": 7,
          "wind_speed": 4.5,
          "wind_gust": 7.4,
          "wind_dir": "s",
          "pressure_mm": 755,
          "pressure_pa": 1006,
          "humidity": 91,
          "soil_temp": 7,
          "soil_moisture": 0.4,
          "prec_mm": 0,
          "prec_prob": 0,
          "prec_period": 960,
          "cloudness": 1,
          "prec_type": 0,
          "prec_strength": 0,
          "icon": "ovc",
          "condition": "overcast",
          "uv_index": 0,
          "feels_like": 5,
          "daytime": "d",
          "polar": false,
          "fresh_snow_mm": 0
        }
      },
      "hours": [
        {
          "hour": "0",
          "hour_ts": 1671840000,
          "temp": 9,
          "feels_like": 4,
          "icon": "ovc",
          "condition": "overcast",
          "cloudness": 1,
          "prec_type": 0,
          "prec_strength": 0,
          "is_thunder": false,
          "wind_dir": "sw",
          "wind_speed": 6,
          "wind_gust": 10,
          "pressure_mm": 751,
          "pressure_pa": 1001,
          "humidity": 86,
          "uv_index": 0,
          "soil_temp": 7,
          "soil_moisture": 0.41,
          "prec_mm": 0,
          "prec_period": 60,
          "prec_prob": 0
        },
        {
          "hour": "1",
          "hour_ts": 1671843600,
          "temp": 9,
          "feels_like": 4,
          "icon": "ovc",
          "condition": "overcast",
          "cloudness": 1,
          "prec_type": 0,
          "prec_strength": 0,
          "is_thunder": false,
          "wind_dir": "sw",
          "wind_speed": 5.7,
          "wind_gust": 9.5,
          "pressure_mm": 750,
          "pressure_pa": 999,
          "humidity": 85,
          "uv_index": 0,
          "soil_temp": 7,
          "soil_moisture": 0.41,
          "prec_mm": 0,
          "prec_period": 60,
          "prec_prob": 0
        },
        {
          "hour": "2",
          "hour_ts": 1671847200,
          "temp": 9,
          "feels_like": 4,
          "icon": "ovc",
          "condition": "overcast",
          "cloudness": 1,
          "prec_type": 0,
          "prec_strength": 0,
          "is_thunder": false,
          "wind_dir": "sw",
          "wind_speed": 5.7,
          "wind_gust": 9.5,
          "pressure_mm": 751,
          "pressure_pa": 1001,
          "humidity": 84,
          "uv_index": 0,
          "soil_temp": 7,
          "soil_moisture": 0.41,
          "prec_mm": 0,
          "prec_period": 60,
          "prec_prob": 0
        },
        {
          "hour": "3",
          "hour_ts": 1671850800,
          "temp": 8,
          "feels_like": 4,
          "icon": "ovc",
          "condition": "overcast",
          "cloudness": 1,
          "prec_type": 0,
          "prec_strength": 0,
          "is_thunder": false,
          "wind_dir": "sw",
          "wind_speed": 5.6,
          "wind_gust": 9.3,
          "pressure_mm": 753,
          "pressure_pa": 1003,
          "humidity": 85,
          "uv_index": 0,
          "soil_temp": 7,
          "soil_moisture": 0.4,
          "prec_mm": 0,
          "prec_period": 60,
          "prec_prob": 0
        },
        {
          "hour": "4",
          "hour_ts": 1671854400,
          "temp": 8,
          "feels_like": 3,
          "icon": "ovc",
          "condition": "overcast",
          "cloudness": 1,
          "prec_type": 0,
          "prec_strength": 0,
          "is_thunder": false,
          "wind_dir": "sw",
          "wind_speed": 5.3,
          "wind_gust": 8.9,
          "pressure_mm": 753,
          "pressure_pa": 1003,
          "humidity": 87,
          "uv_index": 0,
          "soil_temp": 7,
          "soil_moisture": 0.4,
          "prec_mm": 0,
          "prec_period": 60,
          "prec_prob": 0
        },
        {
          "hour": "5",
          "hour_ts": 1671858000,
          "temp": 7,
          "feels_like": 3,
          "icon": "ovc",
          "condition": "overcast",
          "cloudness": 1,
          "prec_type": 0,
          "prec_strength": 0,
          "is_thunder": false,
          "wind_dir": "sw",
          "wind_speed": 5,
          "wind_gust": 8.4,
          "pressure_mm": 753,
          "pressure_pa": 1003,
          "humidity": 89,
          "uv_index": 0,
          "soil_temp": 7,
          "soil_moisture": 0.4,
          "prec_mm": 0,
          "prec_period": 60,
          "prec_prob": 0
        },
        {
          "hour": "6",
          "hour_ts": 1671861600,
          "temp": 7,
          "feels_like": 3,
          "icon": "skc_n",
          "condition": "clear",
          "cloudness": 0,
          "prec_type": 0,
          "prec_strength": 0,
          "is_thunder": false,
          "wind_dir": "sw",
          "wind_speed": 4.5,
          "wind_gust": 7.4,
          "pressure_mm": 754,
          "pressure_pa": 1005,
          "humidity": 89,
          "uv_index": 0,
          "soil_temp": 6,
          "soil_moisture": 0.4,
          "prec_mm": 0,
          "prec_period": 60,
          "prec_prob": 0
        },
        {
          "hour": "7",
          "hour_ts": 1671865200,
          "temp": 7,
          "feels_like": 3,
          "icon": "ovc",
          "condition": "overcast",
          "cloudness": 1,
          "prec_type": 0,
          "prec_strength": 0,
          "is_thunder": false,
          "wind_dir": "sw",
          "wind_speed": 3.8,
          "wind_gust": 6.3,
          "pressure_mm": 754,
          "pressure_pa": 1005,
          "humidity": 90,
          "uv_index": 0,
          "soil_temp": 6,
          "soil_moisture": 0.4,
          "prec_mm": 0,
          "prec_period": 60,
          "prec_prob": 0
        },
        {
          "hour": "8",
          "hour_ts": 1671868800,
          "temp": 7,
          "feels_like": 3,
          "icon": "ovc",
          "condition": "overcast",
          "cloudness": 1,
          "prec_type": 0,
          "prec_strength": 0,
          "is_thunder": false,
          "wind_dir": "sw",
          "wind_speed": 3.4,
          "wind_gust": 5.6,
          "pressure_mm": 754,
          "pressure_pa": 1005,
          "humidity": 92,
          "uv_index": 0,
          "soil_temp": 6,
          "soil_moisture": 0.4,
          "prec_mm": 0,
          "prec_period": 60,
          "prec_prob": 0
        },
        {
          "hour": "9",
          "hour_ts": 1671872400,
          "temp": 7,
          "feels_like": 4,
          "icon": "ovc",
          "condition": "overcast",
          "cloudness": 1,
          "prec_type": 0,
          "prec_strength": 0,
          "is_thunder": false,
          "wind_dir": "sw",
          "wind_speed": 3.5,
          "wind_gust": 5.7,
          "pressure_mm": 754,
          "pressure_pa": 1005,
          "humidity": 90,
          "uv_index": 0,
          "soil_temp": 6,
          "soil_moisture": 0.4,
          "prec_mm": 0,
          "prec_period": 60,
          "prec_prob": 0
        },
        {
          "hour": "10",
          "hour_ts": 1671876000,
          "temp": 8,
          "feels_like": 5,
          "icon": "ovc",
          "condition": "overcast",
          "cloudness": 1,
          "prec_type": 0,
          "prec_strength": 0,
          "is_thunder": false,
          "wind_dir": "sw",
          "wind_speed": 3.9,
          "wind_gust": 6.3,
          "pressure_mm": 754,
          "pressure_pa": 1005,
          "humidity": 90,
          "uv_index": 0,
          "soil_temp": 6,
          "soil_moisture": 0.4,
          "prec_mm": 0,
          "prec_period": 60,
          "prec_prob": 0
        },
        {
          "hour": "11",
          "hour_ts": 1671879600,
          "temp": 9,
          "feels_like": 6,
          "icon": "ovc",
          "condition": "overcast",
          "cloudness": 1,
          "prec_type": 0,
          "prec_strength": 0,
          "is_thunder": false,
          "wind_dir": "sw",
          "wind_speed": 2.9,
          "wind_gust": 4.8,
          "pressure_mm": 755,
          "pressure_pa": 1006,
          "humidity": 87,
          "uv_index": 0,
          "soil_temp": 6,
          "soil_moisture": 0.4,
          "prec_mm": 0,
          "prec_period": 60,
          "prec_prob": 0
        },
        {
          "hour": "12",
          "hour_ts": 1671883200,
          "temp": 10,
          "feels_like": 7,
          "icon": "ovc",
          "condition": "overcast",
          "cloudness": 1,
          "prec_type": 0,
          "prec_strength": 0,
          "is_thunder": false,
          "wind_dir": "sw",
          "wind_speed": 3.2,
          "wind_gust": 5.5,
          "pressure_mm": 756,
          "pressure_pa": 1007,
          "humidity": 89,
          "uv_index": 0,
          "soil_temp": 8,
          "soil_moisture": 0.4,
          "prec_mm": 0,
          "prec_period": 60,
          "prec_prob": 0
        },
        {
          "hour": "13",
          "hour_ts": 1671886800,
          "temp": 10,
          "feels_like": 8,
          "icon": "ovc",
          "condition": "overcast",
          "cloudness": 1,
          "prec_type": 0,
          "prec_strength": 0,
          "is_thunder": false,
          "wind_dir": "sw",
          "wind_speed": 2.9,
          "wind_gust": 5,
          "pressure_mm": 756,
          "pressure_pa": 1007,
          "humidity": 88,
          "uv_index": 0,
          "soil_temp": 8,
          "soil_moisture": 0.4,
          "prec_mm": 0,
          "prec_period": 60,
          "prec_prob": 0
        },
        {
          "hour": "14",
          "hour_ts": 1671890400,
          "temp": 10,
          "feels_like": 7,
          "icon": "ovc",
          "condition": "overcast",
          "cloudness": 1,
          "prec_type": 0,
          "prec_strength": 0,
          "is_thunder": false,
          "wind_dir": "sw",
          "wind_speed": 3.6,
          "wind_gust": 5.9,
          "pressure_mm": 756,
          "pressure_pa": 1007,
          "humidity": 89,
          "uv_index": 0,
          "soil_temp": 8,
          "soil_moisture": 0.4,
          "prec_mm": 0,
          "prec_period": 60,
          "prec_prob": 0
        },
        {
          "hour": "15",
          "hour_ts": 1671894000,
          "temp": 10,
          "feels_like": 7,
          "icon": "ovc",
          "condition": "overcast",
          "cloudness": 1,
          "prec_type": 0,
          "prec_strength": 0,
          "is_thunder": false,
          "wind_dir": "s",
          "wind_speed": 3,
          "wind_gust": 5,
          "pressure_mm": 756,
          "pressure_pa": 1007,
          "humidity": 90,
          "uv_index": 0,
          "soil_temp": 8,
          "soil_moisture": 0.4,
          "prec_mm": 0,
          "prec_period": 60,
          "prec_prob": 0
        },
        {
          "hour": "16",
          "hour_ts": 1671897600,
          "temp": 9,
          "feels_like": 7,
          "icon": "ovc",
          "condition": "overcast",
          "cloudness": 1,
          "prec_type": 0,
          "prec_strength": 0,
          "is_thunder": false,
          "wind_dir": "s",
          "wind_speed": 2.7,
          "wind_gust": 4.3,
          "pressure_mm": 756,
          "pressure_pa": 1007,
          "humidity": 92,
          "uv_index": 0,
          "soil_temp": 8,
          "soil_moisture": 0.4,
          "prec_mm": 0,
          "prec_period": 60,
          "prec_prob": 0
        },
        {
          "hour": "17",
          "hour_ts": 1671901200,
          "temp": 9,
          "feels_like": 6,
          "icon": "ovc",
          "condition": "overcast",
          "cloudness": 1,
          "prec_type": 0,
          "prec_strength": 0,
          "is_thunder": false,
          "wind_dir": "s",
          "wind_speed": 2.7,
          "wind_gust": 4.3,
          "pressure_mm": 756,
          "pressure_pa": 1007,
          "humidity": 93,
          "uv_index": 0,
          "soil_temp": 8,
          "soil_moisture": 0.4,
          "prec_mm": 0,
          "prec_period": 60,
          "prec_prob": 0
        },
        {
          "hour": "18",
          "hour_ts": 1671904800,
          "temp": 9,
          "feels_like": 6,
          "icon": "ovc",
          "condition": "overcast",
          "cloudness": 1,
          "prec_type": 0,
          "prec_strength": 0,
          "is_thunder": false,
          "wind_dir": "s",
          "wind_speed": 3.1,
          "wind_gust": 5.1,
          "pressure_mm": 756,
          "pressure_pa": 1007,
          "humidity": 93,
          "uv_index": 0,
          "soil_temp": 7,
          "soil_moisture": 0.4,
          "prec_mm": 0,
          "prec_period": 60,
          "prec_prob": 0
        },
        {
          "hour": "19",
          "hour_ts": 1671908400,
          "temp": 9,
          "feels_like": 6,
          "icon": "ovc",
          "condition": "overcast",
          "cloudness": 1,
          "prec_type": 0,
          "prec_strength": 0,
          "is_thunder": false,
          "wind_dir": "s",
          "wind_speed": 3.4,
          "wind_gust": 5.6,
          "pressure_mm": 756,
          "pressure_pa": 1007,
          "humidity": 93,
          "uv_index": 0,
          "soil_temp": 7,
          "soil_moisture": 0.4,
          "prec_mm": 0,
          "prec_period": 60,
          "prec_prob": 0
        },
        {
          "hour": "20",
          "hour_ts": 1671912000,
          "temp": 9,
          "feels_like": 6,
          "icon": "ovc",
          "condition": "overcast",
          "cloudness": 1,
          "prec_type": 0,
          "prec_strength": 0,
          "is_thunder": false,
          "wind_dir": "s",
          "wind_speed": 3.5,
          "wind_gust": 5.7,
          "pressure_mm": 756,
          "pressure_pa": 1007,
          "humidity": 94,
          "uv_index": 0,
          "soil_temp": 7,
          "soil_moisture": 0.4,
          "prec_mm": 0,
          "prec_period": 60,
          "prec_prob": 0
        },
        {
          "hour": "21",
          "hour_ts": 1671915600,
          "temp": 9,
          "feels_like": 6,
          "icon": "ovc",
          "condition": "overcast",
          "cloudness": 1,
          "prec_type": 0,
          "prec_strength": 0,
          "is_thunder": false,
          "wind_dir": "s",
          "wind_speed": 3.4,
          "wind_gust": 5.5,
          "pressure_mm": 756,
          "pressure_pa": 1007,
          "humidity": 93,
          "uv_index": 0,
          "soil_temp": 6,
          "soil_moisture": 0.4,
          "prec_mm": 0,
          "prec_period": 60,
          "prec_prob": 0
        },
        {
          "hour": "22",
          "hour_ts": 1671919200,
          "temp": 9,
          "feels_like": 6,
          "icon": "ovc",
          "condition": "overcast",
          "cloudness": 1,
          "prec_type": 0,
          "prec_strength": 0,
          "is_thunder": false,
          "wind_dir": "s",
          "wind_speed": 3.5,
          "wind_gust": 5.6,
          "pressure_mm": 755,
          "pressure_pa": 1006,
          "humidity": 93,
          "uv_index": 0,
          "soil_temp": 6,
          "soil_moisture": 0.4,
          "prec_mm": 0,
          "prec_period": 60,
          "prec_prob": 0
        },
        {
          "hour": "23",
          "hour_ts": 1671922800,
          "temp": 9,
          "feels_like": 6,
          "icon": "ovc",
          "condition": "overcast",
          "cloudness": 1,
          "prec_type": 0,
          "prec_strength": 0,
          "is_thunder": false,
          "wind_dir": "s",
          "wind_speed": 3.7,
          "wind_gust": 6.1,
          "pressure_mm": 755,
          "pressure_pa": 1006,
          "humidity": 93,
          "uv_index": 0,
          "soil_temp": 6,
          "soil_moisture": 0.4,
          "prec_mm": 0,
          "prec_period": 60,
          "prec_prob": 0
        }
      ],
      "biomet": {
        "index": 0,
        "condition": "magnetic-field_0"
      }
    },
    {
      "date": "2022-12-25",
      "date_ts": 1671926400,
      "week": 51,
      "sunrise": "08:05",
      "sunset": "15:55",
      "rise_begin": "07:25",
      "set_end": "16:35",
      "moon_code": 9,
      "moon_text": "moon-code-9",
      "parts": {
        "day_short": {
          "_source": "6,7,9,12,15,18,21",
          "temp": 10,
          "temp_min": 8,
          "wind_speed": 4.5,
          "wind_gust": 7.5,
          "wind_dir": "s",
          "pressure_mm": 754,
          "pressure_pa": 1005,
          "humidity": 89,
          "soil_temp": 7,
          "soil_moisture": 0.4,
          "prec_mm": 0.6,
          "prec_prob": 40,
          "prec_period": 960,
          "cloudness": 1,
          "prec_type": 1,
          "prec_strength": 0.25,
          "icon": "ovc_-ra",
          "condition": "light-rain",
          "uv_index": 0,
          "feels_like": 5,
          "daytime": "d",
          "polar": false,
          "fresh_snow_mm": 0
        },
        "morning": {
          "_source": "6,7,9",
          "temp_min": 9,
          "temp_avg": 9,
          "temp_max": 9,
          "wind_speed": 4.5,
          "wind_gust": 7.5,
          "wind_dir": "s",
          "pressure_mm": 754,
          "pressure_pa": 1005,
          "humidity": 92,
          "soil_temp": 7,
          "soil_moisture": 0.39,
          "prec_mm": 0.4,
          "prec_prob": 40,
          "prec_period": 240,
          "cloudness": 1,
          "prec_type": 1,
          "prec_strength": 0.25,
          "icon": "ovc_-ra",
          "condition": "light-rain",
          "uv_index": 0,
          "feels_like": 5,
          "daytime": "d",
          "polar": false,
          "fresh_snow_mm": 0
        },
        "night_short": {
          "_source": "22,23,0,1,2,3,4,5",
          "temp": 9,
          "wind_speed": 4.7,
          "wind_gust": 7.8,
          "wind_dir": "s",
          "pressure_mm": 754,
          "pressure_pa": 1005,
          "humidity": 93,
          "soil_temp": 6,
          "soil_moisture": 0.4,
          "prec_mm": 0,
          "prec_prob": 0,
          "prec_period": 480,
          "cloudness": 1,
          "prec_type": 0,
          "prec_strength": 0,
          "icon": "ovc",
          "condition": "overcast",
          "uv_index": 0,
          "feels_like": 5,
          "daytime": "n",
          "polar": false,
          "fresh_snow_mm": 0
        },
        "night": {
          "_source": "22,23,0,1,2,3,4,5",
          "temp_min": 9,
          "temp_avg": 9,
          "temp_max": 9,
          "wind_speed": 4.7,
          "wind_gust": 7.8,
          "wind_dir": "s",
          "pressure_mm": 754,
          "pressure_pa": 1005,
          "humidity": 93,
          "soil_temp": 6,
          "soil_moisture": 0.4,
          "prec_mm": 0,
          "prec_prob": 0,
          "prec_period": 480,
          "cloudness": 1,
          "prec_type": 0,
          "prec_strength": 0,
          "icon": "ovc",
          "condition": "overcast",
          "uv_index": 0,
          "feels_like": 5,
          "daytime": "n",
          "polar": false,
          "fresh_snow_mm": 0
        },
        "day": {
          "_source": "12,15",
          "temp_min": 10,
          "temp_avg": 10,
          "temp_max": 10,
          "wind_speed": 3.2,
          "wind_gust": 5.4,
          "wind_dir": "sw",
          "pressure_mm": 754,
          "pressure_pa": 1005,
          "humidity": 85,
          "soil_temp": 8,
          "soil_moisture": 0.4,
          "prec_mm": 0.1,
          "prec_prob": 30,
          "prec_period": 360,
          "cloudness": 1,
          "prec_type": 1,
          "prec_strength": 0.25,
          "icon": "ovc_-ra",
          "condition": "light-rain",
          "uv_index": 0,
          "feels_like": 7,
          "daytime": "d",
          "polar": false,
          "fresh_snow_mm": 0
        },
        "evening": {
          "_source": "18,21",
          "temp_min": 8,
          "temp_avg": 8,
          "temp_max": 8,
          "wind_speed": 2.8,
          "wind_gust": 4.6,
          "wind_dir": "sw",
          "pressure_mm": 755,
          "pressure_pa": 1006,
          "humidity": 88,
          "soil_temp": 7,
          "soil_moisture": 0.4,
          "prec_mm": 0.1,
          "prec_prob": 20,
          "prec_period": 360,
          "cloudness": 1,
          "prec_type": 1,
          "prec_strength": 0.25,
          "icon": "ovc_-ra",
          "condition": "light-rain",
          "uv_index": 0,
          "feels_like": 5,
          "daytime": "n",
          "polar": false,
          "fresh_snow_mm": 0
        }
      },
      "hours": [
        {
          "hour": "0",
          "hour_ts": 1671926400,
          "temp": 9,
          "feels_like": 6,
          "icon": "ovc",
          "condition": "overcast",
          "cloudness": 1,
          "prec_type": 0,
          "prec_strength": 0,
          "is_thunder": false,
          "wind_dir": "s",
          "wind_speed": 3.5,
          "wind_gust": 5.6,
          "pressure_mm": 755,
          "pressure_pa": 1006,
          "humidity": 93,
          "uv_index": 0,
          "soil_temp": 6,
          "soil_moisture": 0.4,
          "prec_mm": 0,
          "prec_period": 60,
          "prec_prob": 0
        },
        {
          "hour": "1",
          "hour_ts": 1671930000,
          "temp": 9,
          "feels_like": 5,
          "icon": "ovc",
          "condition": "overcast",
          "cloudness": 1,
          "prec_type": 0,
          "prec_strength": 0,
          "is_thunder": false,
          "wind_dir": "s",
          "wind_speed": 3.6,
          "wind_gust": 5.9,
          "pressure_mm": 754,
          "pressure_pa": 1005,
          "humidity": 92,
          "uv_index": 0,
          "soil_temp": 6,
          "soil_moisture": 0.4,
          "prec_mm": 0,
          "prec_period": 60,
          "prec_prob": 0
        },
        {
          "hour": "2",
          "hour_ts": 1671933600,
          "temp": 9,
          "feels_like": 6,
          "icon": "ovc",
          "condition": "overcast",
          "cloudness": 1,
          "prec_type": 0,
          "prec_strength": 0,
          "is_thunder": false,
          "wind_dir": "s",
          "wind_speed": 3.2,
          "wind_gust": 5.2,
          "pressure_mm": 754,
          "pressure_pa": 1005,
          "humidity": 94,
          "uv_index": 0,
          "soil_temp": 6,
          "soil_moisture": 0.4,
          "prec_mm": 0,
          "prec_period": 60,
          "prec_prob": 0
        },
        {
          "hour": "3",
          "hour_ts": 1671937200,
          "temp": 9,
          "feels_like": 6,
          "icon": "ovc",
          "condition": "overcast",
          "cloudness": 1,
          "prec_type": 0,
          "prec_strength": 0,
          "is_thunder": false,
          "wind_dir": "s",
          "wind_speed": 3.1,
          "wind_gust": 5.1,
          "pressure_mm": 754,
          "pressure_pa": 1005,
          "humidity": 94,
          "uv_index": 0,
          "soil_temp": 6,
          "soil_moisture": 0.39,
          "prec_mm": 0,
          "prec_period": 60,
          "prec_prob": 0
        },
        {
          "hour": "4",
          "hour_ts": 1671940800,
          "temp": 9,
          "feels_like": 6,
          "icon": "ovc",
          "condition": "overcast",
          "cloudness": 1,
          "prec_type": 0,
          "prec_strength": 0,
          "is_thunder": false,
          "wind_dir": "s",
          "wind_speed": 3.4,
          "wind_gust": 5.6,
          "pressure_mm": 754,
          "pressure_pa": 1005,
          "humidity": 94,
          "uv_index": 0,
          "soil_temp": 6,
          "soil_moisture": 0.39,
          "prec_mm": 0,
          "prec_period": 60,
          "prec_prob": 0
        },
        {
          "hour": "5",
          "hour_ts": 1671944400,
          "temp": 9,
          "feels_like": 6,
          "icon": "ovc",
          "condition": "overcast",
          "cloudness": 1,
          "prec_type": 0,
          "prec_strength": 0,
          "is_thunder": false,
          "wind_dir": "sw",
          "wind_speed": 4.7,
          "wind_gust": 7.8,
          "pressure_mm": 753,
          "pressure_pa": 1003,
          "humidity": 91,
          "uv_index": 0,
          "soil_temp": 8,
          "soil_moisture": 0.39,
          "prec_mm": 0,
          "prec_period": 60,
          "prec_prob": 0
        },
        {
          "hour": "6",
          "hour_ts": 1671948000,
          "temp": 9,
          "feels_like": 6,
          "icon": "ovc_-ra",
          "condition": "light-rain",
          "cloudness": 1,
          "prec_type": 1,
          "prec_strength": 0.25,
          "is_thunder": false,
          "wind_dir": "s",
          "wind_speed": 3,
          "wind_gust": 4.8,
          "pressure_mm": 755,
          "pressure_pa": 1006,
          "humidity": 92,
          "uv_index": 0,
          "soil_temp": 6,
          "soil_moisture": 0.39,
          "prec_mm": 0.1,
          "prec_period": 60,
          "prec_prob": 20
        },
        {
          "hour": "7",
          "hour_ts": 1671951600,
          "temp": 9,
          "feels_like": 6,
          "icon": "ovc_-ra",
          "condition": "light-rain",
          "cloudness": 1,
          "prec_type": 1,
          "prec_strength": 0.25,
          "is_thunder": false,
          "wind_dir": "sw",
          "wind_speed": 4.5,
          "wind_gust": 7.5,
          "pressure_mm": 753,
          "pressure_pa": 1003,
          "humidity": 91,
          "uv_index": 0,
          "soil_temp": 8,
          "soil_moisture": 0.39,
          "prec_mm": 0.1,
          "prec_period": 60,
          "prec_prob": 20
        }
      ],
      "biomet": {
        "index": 0,
        "condition": "magnetic-field_0"
      }
    },
    {
      "date": "2022-12-26",
      "date_ts": 1672012800,
      "week": 52,
      "sunrise": "08:05",
      "sunset": "15:56",
      "rise_begin": "07:25",
      "set_end": "16:36",
      "moon_code": 10,
      "moon_text": "moon-code-10",
      "parts": {
        "day": {
          "_source": "12,15",
          "temp_min": 6,
          "temp_avg": 7,
          "temp_max": 8,
          "wind_speed": 4.5,
          "wind_gust": 7.9,
          "wind_dir": "nw",
          "pressure_mm": 763,
          "pressure_pa": 1017,
          "humidity": 78,
          "soil_temp": 7,
          "soil_moisture": 0.39,
          "prec_mm": 0,
          "prec_prob": 0,
          "prec_period": 360,
          "cloudness": 0.5,
          "prec_type": 0,
          "prec_strength": 0,
          "icon": "bkn_d",
          "condition": "cloudy",
          "uv_index": 0,
          "feels_like": 2,
          "daytime": "d",
          "polar": false,
          "fresh_snow_mm": 0
        },
        "night": {
          "_source": "0,3",
          "temp_min": 7,
          "temp_avg": 8,
          "temp_max": 8,
          "wind_speed": 3,
          "wind_gust": 4.9,
          "wind_dir": "sw",
          "pressure_mm": 758,
          "pressure_pa": 1010,
          "humidity": 90,
          "soil_temp": 6,
          "soil_moisture": 0.39,
          "prec_mm": 0.2,
          "prec_prob": 20,
          "prec_period": 360,
          "cloudness": 1,
          "prec_type": 1,
          "prec_strength": 0.25,
          "icon": "ovc_-ra",
          "condition": "light-rain",
          "uv_index": 0,
          "feels_like": 5,
          "daytime": "n",
          "polar": false,
          "fresh_snow_mm": 0
        },
        "evening": {
          "_source": "18,21",
          "temp_min": 4,
          "temp_avg": 5,
          "temp_max": 5,
          "wind_speed": 3.5,
          "wind_gust": 5.8,
          "wind_dir": "w",
          "pressure_mm": 766,
          "pressure_pa": 1021,
          "humidity": 85,
          "soil_temp": 3,
          "soil_moisture": 0.39,
          "prec_mm": 0,
          "prec_prob": 0,
          "prec_period": 360,
          "cloudness": 0.25,
          "prec_type": 0,
          "prec_strength": 0,
          "icon": "skc_n",
          "condition": "partly-cloudy",
          "feels_like": 1,
          "daytime": "n",
          "polar": false,
          "fresh_snow_mm": 0
        },
        "night_short": {
          "_source": "0,3",
          "temp": 7,
          "wind_speed": 3,
          "wind_gust": 4.9,
          "wind_dir": "sw",
          "pressure_mm": 758,
          "pressure_pa": 1010,
          "humidity": 90,
          "soil_temp": 6,
          "soil_moisture": 0.39,
          "prec_mm": 0.2,
          "prec_prob": 20,
          "prec_period": 360,
          "cloudness": 1,
          "prec_type": 1,
          "prec_strength": 0.25,
          "icon": "ovc_-ra",
          "condition": "light-rain",
          "uv_index": 0,
          "feels_like": 5,
          "daytime": "n",
          "polar": false,
          "fresh_snow_mm": 0
        },
        "morning": {
          "_source": "6,9",
          "temp_min": 7,
          "temp_avg": 7,
          "temp_max": 7,
          "wind_speed": 3.8,
          "wind_gust": 6.2,
          "wind_dir": "sw",
          "pressure_mm": 759,
          "pressure_pa": 1011,
          "humidity": 87,
          "soil_temp": 6,
          "soil_moisture": 0.39,
          "prec_mm": 0,
          "prec_prob": 0,
          "prec_period": 360,
          "cloudness": 1,
          "prec_type": 0,
          "prec_strength": 0,
          "icon": "ovc",
          "condition": "overcast",
          "uv_index": 0,
          "feels_like": 3,
          "daytime": "d",
          "polar": false,
          "fresh_snow_mm": 0
        },
        "day_short": {
          "_source": "6,9,12,15,18,21",
          "temp": 8,
          "temp_min": 4,
          "wind_speed": 4.5,
          "wind_gust": 7.9,
          "wind_dir": "nw",
          "pressure_mm": 762,
          "pressure_pa": 1015,
          "humidity": 83,
          "soil_temp": 6,
          "soil_moisture": 0.39,
          "prec_mm": 0,
          "prec_prob": 0,
          "prec_period": 1080,
          "cloudness": 0.5,
          "prec_type": 0,
          "prec_strength": 0,
          "icon": "bkn_d",
          "condition": "cloudy",
          "uv_index": 0,
          "feels_like": 1,
          "daytime": "d",
          "polar": false,
          "fresh_snow_mm": 0
        }
      },
      "hours": []
    }
  ]
}